est,spec,loss,cos,r2_p,r2_s,mean_s,rng_s,w_s,out_s,trend_s,w_bc,out_bc,n_undef,pb_min,pb_max,mean_p,rng_p,w_p,out_p,trend_p,phi_maxdiff,phi_corr
E1,IV_CostShifters x Base,robust,,0.9471708538286681,0.9471708538286681,,,,,,,,,,,,,,,,,
E1,IV_CostShifters x Macro,robust,,0.9478710279856847,0.9478710279856847,,,,,,,,,,,,,,,,,
E1,IV_CostShifters x Tech,robust,,0.9479543141829186,0.9479543141829186,,,,,,,,,,,,,,,,,
E1,IV_HausmanFull x Base,robust,,0.9473543391122726,0.9473543391122726,,,,,,,,,,,,,,,,,
E1,IV_HausmanFull x Macro,robust,,0.9480521608971776,0.9480521608971775,,,,,,,,,,,,,,,,,
E1,IV_HausmanFull x Tech,robust,,0.9481390015829531,0.9481390015829531,,,,,,,,,,,,,,,,,
E1,IV_Wholesale x Base,robust,,0.947205143906742,0.947205143906742,,,,,,,,,,,,,,,,,
E1,IV_Wholesale x Macro,robust,,0.9478174992698655,0.9478174992698655,,,,,,,,,,,,,,,,,
E1,IV_Wholesale x Tech,robust,,0.9478913949096852,0.9478913949096852,,,,,,,,,,,,,,,,,
E1,OLS x Base,robust,,0.9466365730054274,0.9466365730054274,,,,,,,,,,,,,,,,,
E1,OLS x Macro,robust,,0.947421286656109,0.947421286656109,,,,,,,,,,,,,,,,,
E1,OLS x Tech,robust,,0.9475363186358068,0.9475363186358068,,,,,,,,,,,,,,,,,
E2,IV_CostShifters x Base,robust,,0.9522785279672709,0.9522785279672709,,,,,,,,,,,,,,,,,
E2,IV_CostShifters x Macro,robust,,0.9528096970900921,0.9528096970900921,,,,,,,,,,,,,,,,,
E2,IV_CostShifters x Tech,robust,,0.9529047467207001,0.9529047467207001,,,,,,,,,,,,,,,,,
E2,IV_HausmanFull x Base,robust,,0.9523710291991565,0.9523710291991564,,,,,,,,,,,,,,,,,
E2,IV_HausmanFull x Macro,robust,,0.9529528604392627,0.9529528604392627,,,,,,,,,,,,,,,,,
E2,IV_HausmanFull x Tech,robust,,0.9530568043815543,0.9530568043815543,,,,,,,,,,,,,,,,,
E2,IV_Wholesale x Base,robust,,0.9523277698724867,0.9523277698724867,,,,,,,,,,,,,,,,,
E2,IV_Wholesale x Macro,robust,,0.9527885448667852,0.9527885448667852,,,,,,,,,,,,,,,,,
E2,IV_Wholesale x Tech,robust,,0.9528722953846911,0.9528722953846911,,,,,,,,,,,,,,,,,
E2,OLS x Base,robust,,0.948834910460773,0.948834910460773,,,,,,,,,,,,,,,,,
E2,OLS x Macro,robust,,0.9494960222051126,0.9494960222051126,,,,,,,,,,,,,,,,,
E2,OLS x Tech,robust,,0.9495995435214538,0.9495995435214538,,,,,,,,,,,,,,,,,
E5,IV_CostShifters x Macro,robust,0.9999999995525585,0.9529473256020198,0.9529473273385963,0.9712013596076188,3.625146899341558,6.658488268567647,0.0,up,6.710101192682402,0.0,0.0,0.48129675810473815,0.5062344139650873,,,,,,,
E5,IV_CostShifters x Macro,LS,0.9999999999989813,0.9525982551210791,0.952598255329474,0.9018640342447937,13.325765714185877,8.575200370516043,0.0,up,8.520464107977519,0.0,0.0,0.38403990024937656,0.4538653366583541,0.9018641560225923,13.325782787865226,8.575183171562841,0.0,up,1.738691254304925e-05,0.9999999999995657
E5,IV_CostShifters x Tech,robust,0.999999999837654,0.952949100196079,0.9529490969809299,0.971405101766206,3.6383229240343873,6.659977342740225,0.0,up,6.711818333077986,0.0,0.0,0.48129675810473815,0.5087281795511222,,,,,,,
E5,IV_CostShifters x Tech,LS,0.9999998748979493,0.9526435218242757,0.9526435899260687,0.9106388533721628,12.497229450453384,7.390729863753516,0.0,up,7.2315898182102964,0.0,0.0,0.3765586034912718,0.49875311720698257,0.9105033584015843,12.512085350868041,7.409440669927342,0.0,up,0.023754460566649538,0.9999999724690178
E5,IV_HausmanFull x Macro,robust,0.9999999986698155,0.9530540000569033,0.9530540038678941,0.968215052369844,3.3030784613573783,7.109692543865939,0.0,up,7.106766179777127,0.0,0.0,0.4912718204488778,0.5087281795511222,,,,,,,
E5,IV_HausmanFull x Macro,LS,0.9176469479216126,0.9542013060458816,0.9541803030912726,0.9248464141662852,18.064399874791004,6.225104244149036,0.0,up,6.207692947591971,0.0,0.0,0.4837905236907731,0.5062344139650873,0.9242622484462609,17.8909241612925,5.758129531875035,0.0,up,0.09868052467204569,0.9999824829664685
E5,IV_HausmanFull x Tech,robust,0.999999999193165,0.9530549657453004,0.9530549704242632,0.9683683320208725,3.3053463060178534,7.113526532318988,0.0,up,7.111872729628248,0.0,0.0,0.4937655860349127,0.5087281795511222,0.9683688804167895,3.305225886466223,7.113491030026401,0.0,up,0.00014764317810556093,0.9999999998248409
E5,IV_HausmanFull x Tech,LS,0.999999999960934,0.9528815110660165,0.9528815234206957,0.9362652485035464,7.7804560872620225,5.242836044042185,0.0,up,5.27861050297255,0.0,0.0,0.428927680798005,0.513715710723192,0.9362642779358004,7.780608688308909,5.242961486297286,0.0,up,0.00020703814066491688,0.9999999999816092
E5,IV_Wholesale x Macro,robust,0.9999999997080928,0.9529343218892575,0.9529343188584936,0.9715288840265999,3.581746315137213,6.78086663477525,0.0,up,6.825396505232114,0.0,0.0,0.48877805486284287,0.516209476309227,,,,,,,
E5,IV_Wholesale x Macro,LS,0.9999999999802943,0.9526376768216022,0.9526376718021725,0.9010981792585067,13.892943725374385,8.162783121581464,0.0,up,7.861086160910507,0.0,0.0,0.3690773067331671,0.44389027431421446,0.9010963870429295,13.893353960778077,8.163047261206398,0.0,up,0.0004943787011990608,0.9999999999820357
E5,IV_Wholesale x Tech,robust,0.9999999998610833,0.9529332995362071,0.9529333009681812,0.9717347057368306,3.571687968741888,6.784862956741403,0.0,up,6.831124034192329,0.0,0.0,0.48877805486284287,0.516209476309227,,,,,,,
E5,IV_Wholesale x Tech,LS,0.9999999999657213,0.9526599920913773,0.9526599689495039,0.9113194533915523,12.792848843169867,7.00205837383288,0.0,up,6.733920104820909,0.0,0.0,0.34663341645885287,0.4912718204488778,0.9113169204468399,12.795836800048288,6.997901642088382,0.0,up,0.002798490058064651,0.9999999960187451
E5,OLS x Macro,robust,1.0,0.9493885052909236,0.9493885052909236,0.9783689607558167,2.4975668165610143,2.67917628726737,0.0,up,2.677974664244612,0.0,0.0,0.4912718204488778,0.5361596009975063,,,,,,,
E5,OLS x Macro,LS,1.0,0.9494481317325879,0.9494481317325879,0.9481149656757686,2.286095616028916,4.02016127349899,0.0,up,3.926780837136943,0.0,0.0,0.5187032418952618,0.6134663341645885,0.9481149656757686,2.286095616028916,4.02016127349899,0.0,up,0.0,1.0
E5,OLS x Tech,robust,0.9999999999999999,0.9492472214702321,0.9492472214702321,0.9718268526487975,3.2266212188055254,2.831309051834911,0.0,up,2.8283952031464934,0.0,0.0,0.48877805486284287,0.5187032418952618,,,,,,,
E5,OLS x Tech,LS,1.0,0.9495477870339295,0.9495477870339295,0.943387311363797,3.418532343875358,4.464486247392429,0.0,up,4.2619790612917745,0.0,0.0,0.5311720698254364,0.6184538653366584,0.943387311363797,3.418532343875358,4.464486247392429,0.0,up,0.0,1.0
E6,IV_CostShifters x Macro,robust,0.9999999998818101,0.9529144895023692,0.9529145037019914,0.9690537010279954,3.9197940125171415,7.780913747998527,0.0,up,7.7679700503875475,0.0,0.0,0.47880299251870323,0.516209476309227,,,,,,,
E6,IV_CostShifters x Macro,LS,0.9999992087141798,0.952900415485312,0.9529003219076655,0.9567366647498888,7.61083774800515,5.990832690625905,0.0,up,5.931017626754665,0.0,0.0,0.4688279301745636,0.5985037406483791,0.9566521201695126,7.629520686384462,5.995967958141719,0.0,up,0.023120689908295855,0.9999980868525628
E6,IV_CostShifters x Tech,robust,0.9999999995988288,0.9528980092581117,0.9528980205382509,0.9620857363868778,3.8966107376935732,8.802216773738113,0.0,up,8.872541257680702,0.0,0.0,0.47880299251870323,0.5062344139650873,,,,,,,
E6,IV_CostShifters x Tech,LS,0.9999988414893111,0.9529088380156987,0.9529091243609851,0.9652971583109651,6.959016723413447,6.165214669582437,0.0,up,6.043016867113843,0.0,0.0,0.47880299251870323,0.5835411471321695,0.9653639390754254,6.942235081925108,6.157547269251493,0.0,up,0.019008454956570553,0.9999991860173545
E6,IV_HausmanFull x Macro,robust,0.9999999978066823,0.95294474955567,0.9529447546049631,0.9561834733301686,3.47197625391773,9.468669134437306,0.0,up,9.530584789345635,0.0,0.0,0.4763092269326683,0.49625935162094764,,,,,,,
E6,IV_HausmanFull x Macro,LS,0.9704604504844782,0.9549721559847821,0.9550463757486147,0.9636266463931537,4.281976481568661,3.6484067081918212,0.0,down,3.634103166492602,0.0,0.0,0.49875311720698257,0.5311720698254364,0.9657303248730524,4.022489078214086,3.6638678779343903,0.0,down,0.3330082267034795,0.9982297411589014
E6,IV_HausmanFull x Tech,robust,0.9999999885736164,0.9529595810472324,0.9529595790474854,0.955333450247524,3.5249205850672816,9.447937980943378,0.0,up,9.511652419710355,0.0,0.0,0.4763092269326683,0.49625935162094764,0.95533198008935,3.525120950911731,9.447916692496735,0.0,up,0.000261318849092973,0.999999999818926
E6,IV_HausmanFull x Tech,LS,0.9999999995565629,0.9534680830002608,0.9534680853892671,0.9791966583611773,5.595586344594339,3.5883411211900653,0.0,down,3.2599379845125105,0.0,0.0,0.5087281795511222,0.743142144638404,0.9791968081544218,5.59556337802245,3.5883265169592002,0.0,down,3.1692012802952974e-05,0.9999999999953604
E6,IV_Wholesale x Macro,robust,0.999999996662752,0.9528901153693204,0.9528901029199243,0.9629576561136401,3.6330569229293785,8.982209156383151,0.0,up,9.043064418577536,0.0,0.0,0.47880299251870323,0.5037406483790524,,,,,,,
E6,IV_Wholesale x Macro,LS,0.9999999987981796,0.9529327011513099,0.9529326937673127,0.9610013935805242,7.091189863558844,5.655965958152754,0.0,up,5.536649516519792,0.0,0.0,0.46633416458852867,0.6059850374064838,0.9610020169545127,7.0911389061398715,5.656024944153187,0.0,up,0.00014499002544132722,0.9999999997762736
E6,IV_Wholesale x Tech,robust,0.9999999999604074,0.9529141639979812,0.9529141606647422,0.969095290940147,3.829599931077965,8.01344215737477,0.0,up,7.989425938555112,0.0,0.0,0.4837905236907731,0.516209476309227,,,,,,,
E6,IV_Wholesale x Tech,LS,0.9999999998640898,0.9529415414623901,0.9529413753199077,0.9686832529062146,6.414694443734947,5.707097025340476,0.0,up,5.559258463588143,0.0,0.0,0.47880299251870323,0.5935162094763092,0.9686813259161151,6.416133302002114,5.70700907896506,0.0,up,0.0017835685166001092,0.9999999764434333
E6,OLS x Macro,robust,0.9999999999999999,0.9495115486616174,0.9495115486616174,0.9797949057411047,2.076285743292128,3.074156709763091,0.0,down,3.0540263699955554,0.0,0.0,0.49875311720698257,0.5511221945137157,,,,,,,
E6,OLS x Macro,LS,1.0,0.949398043313947,0.949398043313947,0.9306304196159695,10.63854568689867,8.593588582631053,0.0,up,8.579196402395079,0.0,0.0,0.4837905236907731,0.5112219451371571,0.9306304196159695,10.63854568689867,8.593588582631053,0.0,up,0.0,1.0
E6,OLS x Tech,robust,0.999999999114656,0.9491951611735946,0.9491951525229715,0.9697896546228382,2.3251098555835736,3.044041995432541,0.0,up,3.047633849107754,0.0,0.0,0.5012468827930174,0.5361596009975063,,,,,,,
E6,OLS x Tech,LS,0.9999999999999998,0.9494859199993303,0.9494859199993303,0.9428669860899395,7.668645240842132,8.474305498570756,0.0,up,8.470343834880053,0.0,0.0,0.4912718204488778,0.5211970074812967,0.9428669860899395,7.668645240842132,8.474305498570756,0.0,up,0.0,0.9999999999999998
E7,IV_HausmanFull x Tech,robust,1.0000000000000002,0.9521578265704392,0.9521578265704383,0.9884036725924555,0.9171002680037121,0.6058622050572605,26.0,up,0.23102544095911803,24.0,26.0,0.0024937655860349127,1.0,0.9884036725924137,0.9171002680081419,0.6058622050592835,26.0,up,5.140332604014475e-12,1.0
E7,IV_HausmanFull x Tech,LS,1.0000000000000002,0.9537079717266902,0.9537079717266902,0.9732312125648401,2.6969789284421064,2.6751947913907026,0.0,up,2.3868122366559925,0.0,0.0,0.20199501246882792,0.6234413965087282,0.973231212564842,2.6969789284419177,2.6751947913905614,0.0,up,1.2989609388114332e-12,1.0
E8,IV_HausmanFull x Tech,robust,1.0,0.9521026583422653,0.9521026583422653,0.9843465130410629,0.7530993669955577,0.46368006506547044,5.0,up,0.21472158110670145,5.0,5.0,0.1970074812967581,0.9925187032418953,0.9843465130410641,0.7530993669954911,0.46368006506554305,5.0,up,3.9968028886505635e-13,1.0
E8,IV_HausmanFull x Tech,LS,1.0000000000000002,0.9533250497888112,0.953325049788811,0.91549668549636,10.842564669642329,5.922868306516028,1.0,up,2.853058220771916,0.0,1.0,0.022443890274314215,0.6508728179551122,0.9154966854963602,10.84256466964244,5.922868306516009,1.0,up,7.771561172376096e-14,0.9999999999999996
